doc_id,cluster_0,cluster_1,cluster_2,cluster_3,cluster_4,cluster_5,cluster_6,cluster_7,cluster_8,cluster_9
0,0.099999999881,0.100000000110,0.100000000045,0.100000000140,0.100000000087,0.100000000054,0.099999999963,0.099999999752,0.100000000134,0.099999999835
1,0.099999999789,0.100000000194,0.100000000079,0.100000000248,0.100000000154,0.100000000096,0.099999999935,0.099999999561,0.100000000237,0.099999999707
2,0.099999999834,0.100000000153,0.100000000062,0.100000000195,0.100000000121,0.100000000076,0.099999999948,0.099999999654,0.100000000187,0.099999999769
3,0.100000000029,0.099999999974,0.099999999989,0.099999999966,0.099999999979,0.099999999987,0.100000000009,0.100000000060,0.099999999967,0.100000000040
4,0.100000000029,0.099999999974,0.099999999989,0.099999999966,0.099999999979,0.099999999987,0.100000000009,0.100000000060,0.099999999967,0.100000000040
5,0.100000000203,0.099999999812,0.099999999924,0.099999999761,0.099999999851,0.099999999907,0.100000000063,0.100000000424,0.099999999772,0.100000000283
6,0.100000000188,0.099999999826,0.099999999929,0.099999999779,0.099999999862,0.099999999914,0.100000000058,0.100000000393,0.099999999789,0.100000000262
7,0.099999999675,0.100000000307,0.100000000123,0.100000000379,0.100000000244,0.100000000148,0.099999999904,0.099999999313,0.100000000361,0.099999999547
8,0.100000000139,0.099999999872,0.099999999948,0.099999999836,0.099999999898,0.099999999936,0.100000000043,0.100000000290,0.099999999843,0.100000000194
9,0.099999999675,0.100000000307,0.100000000123,0.100000000379,0.100000000244,0.100000000148,0.099999999904,0.099999999313,0.100000000361,0.099999999547
10,0.100000000182,0.099999999832,0.099999999932,0.099999999786,0.099999999867,0.099999999917,0.100000000056,0.100000000379,0.099999999796,0.100000000253
11,0.099999999675,0.100000000307,0.100000000123,0.100000000379,0.100000000244,0.100000000148,0.099999999904,0.099999999313,0.100000000361,0.099999999547
12,0.099999999889,0.100000000103,0.100000000042,0.100000000131,0.100000000081,0.100000000051,0.099999999966,0.099999999768,0.100000000125,0.099999999845
13,0.099999999806,0.100000000178,0.100000000073,0.100000000228,0.100000000141,0.100000000088,0.099999999940,0.099999999597,0.100000000218,0.099999999731
14,0.100000000145,0.099999999867,0.099999999946,0.099999999830,0.099999999894,0.099999999934,0.100000000045,0.100000000302,0.099999999837,0.100000000201
15,0.100000000021,0.099999999981,0.099999999992,0.099999999975,0.099999999985,0.099999999990,0.100000000006,0.100000000044,0.099999999977,0.100000000029
16,0.100000000078,0.099999999928,0.099999999971,0.099999999908,0.099999999943,0.099999999964,0.100000000024,0.100000000163,0.099999999912,0.100000000109
17,0.099999999854,0.100000000135,0.100000000055,0.100000000172,0.100000000107,0.100000000067,0.099999999955,0.099999999696,0.100000000164,0.099999999797
18,0.100000000210,0.099999999806,0.099999999921,0.099999999753,0.099999999846,0.099999999904,0.100000000065,0.100000000438,0.099999999764,0.100000000292
19,0.099999999853,0.100000000135,0.100000000055,0.100000000173,0.100000000107,0.100000000067,0.099999999954,0.099999999694,0.100000000166,0.099999999796
20,0.099999999973,0.100000000025,0.100000000010,0.100000000031,0.100000000020,0.100000000012,0.099999999992,0.099999999944,0.100000000030,0.099999999963
21,0.099999999903,0.100000000089,0.100000000036,0.100000000114,0.100000000071,0.100000000044,0.099999999970,0.099999999798,0.100000000109,0.099999999866
22,0.100000000144,0.099999999867,0.099999999946,0.099999999830,0.099999999895,0.099999999934,0.100000000045,0.100000000300,0.099999999838,0.100000000200
23,0.100000000165,0.099999999848,0.099999999938,0.099999999806,0.099999999879,0.099999999925,0.100000000051,0.100000000344,0.099999999815,0.100000000229
24,0.100000000108,0.099999999901,0.099999999959,0.099999999873,0.099999999921,0.099999999951,0.100000000033,0.100000000225,0.099999999879,0.100000000150
25,0.099999999946,0.100000000050,0.100000000020,0.100000000064,0.100000000040,0.100000000025,0.099999999983,0.099999999886,0.100000000061,0.099999999924
26,0.100000000166,0.099999999847,0.099999999937,0.099999999804,0.099999999879,0.099999999924,0.100000000052,0.100000000347,0.099999999813,0.100000000231
27,0.099999999967,0.100000000030,0.100000000012,0.100000000038,0.100000000024,0.100000000015,0.099999999990,0.099999999932,0.100000000037,0.099999999955
28,0.100000000022,0.099999999979,0.099999999992,0.099999999974,0.099999999984,0.099999999990,0.100000000007,0.100000000047,0.099999999975,0.100000000031
29,0.099999999916,0.100000000077,0.100000000032,0.100000000099,0.100000000061,0.100000000038,0.099999999974,0.099999999825,0.100000000094,0.099999999883
30,0.099999999747,0.100000000233,0.100000000095,0.100000000298,0.100000000184,0.100000000116,0.099999999921,0.099999999473,0.100000000285,0.099999999648
31,0.099999999815,0.100000000170,0.100000000069,0.100000000218,0.100000000135,0.100000000084,0.099999999942,0.099999999615,0.100000000208,0.099999999743
32,0.100000000177,0.099999999837,0.099999999933,0.099999999791,0.099999999871,0.099999999919,0.100000000055,0.100000000369,0.099999999801,0.100000000246
33,0.099999999893,0.100000000098,0.100000000040,0.100000000126,0.100000000078,0.100000000049,0.099999999967,0.099999999778,0.100000000120,0.099999999852
34,0.099999999952,0.100000000045,0.100000000018,0.100000000056,0.100000000037,0.100000000022,0.099999999986,0.099999999898,0.100000000053,0.099999999933
35,0.100000000140,0.099999999871,0.099999999947,0.099999999835,0.099999999898,0.099999999936,0.100000000043,0.100000000292,0.099999999843,0.100000000194
36,0.100000000142,0.099999999869,0.099999999947,0.099999999833,0.099999999896,0.099999999935,0.100000000044,0.100000000296,0.099999999840,0.100000000197
37,0.100000000139,0.099999999872,0.099999999948,0.099999999836,0.099999999898,0.099999999936,0.100000000043,0.100000000290,0.099999999844,0.100000000193
38,0.099999999791,0.100000000192,0.100000000079,0.100000000246,0.100000000152,0.100000000096,0.099999999935,0.099999999565,0.100000000235,0.099999999709
39,0.100000000076,0.099999999930,0.099999999972,0.099999999911,0.099999999945,0.099999999965,0.100000000023,0.100000000158,0.099999999915,0.100000000105
40,0.100000000166,0.099999999847,0.099999999938,0.099999999804,0.099999999879,0.099999999924,0.100000000051,0.100000000347,0.099999999813,0.100000000231
41,0.099999999986,0.100000000013,0.100000000005,0.100000000016,0.100000000011,0.100000000006,0.099999999996,0.099999999971,0.100000000015,0.099999999981
42,0.100000000007,0.099999999993,0.099999999997,0.099999999992,0.099999999995,0.099999999997,0.100000000002,0.100000000015,0.099999999992,0.100000000010
43,0.100000000171,0.099999999842,0.099999999936,0.099999999798,0.099999999875,0.099999999922,0.100000000053,0.100000000358,0.099999999808,0.100000000238
44,0.100000000103,0.099999999906,0.099999999961,0.099999999879,0.099999999925,0.099999999953,0.100000000032,0.100000000214,0.099999999885,0.100000000142
45,0.100000000163,0.099999999850,0.099999999939,0.099999999808,0.099999999881,0.099999999926,0.100000000050,0.100000000339,0.099999999817,0.100000000226
46,0.100000000044,0.099999999960,0.099999999984,0.099999999948,0.099999999968,0.099999999980,0.100000000014,0.100000000091,0.099999999951,0.100000000061
47,0.100000000154,0.099999999858,0.099999999942,0.099999999819,0.099999999888,0.099999999930,0.100000000048,0.100000000321,0.099999999827,0.100000000214
48,0.099999999938,0.100000000057,0.100000000023,0.100000000073,0.100000000045,0.100000000028,0.099999999981,0.099999999870,0.100000000070,0.099999999914
49,0.100000000203,0.099999999813,0.099999999924,0.099999999762,0.099999999852,0.099999999907,0.100000000063,0.100000000423,0.099999999773,0.100000000282
50,0.100000000216,0.099999999801,0.099999999919,0.099999999746,0.099999999842,0.099999999901,0.100000000067,0.100000000451,0.099999999757,0.100000000300
51,0.099999999911,0.100000000082,0.100000000033,0.100000000105,0.100000000065,0.100000000041,0.099999999972,0.099999999815,0.100000000100,0.099999999876
52,0.099999999936,0.100000000059,0.100000000024,0.100000000076,0.100000000046,0.100000000029,0.099999999980,0.099999999867,0.100000000072,0.099999999911
53,0.100000000004,0.099999999996,0.099999999998,0.099999999995,0.099999999997,0.099999999998,0.100000000001,0.100000000009,0.099999999995,0.100000000006
54,0.100000000101,0.099999999907,0.099999999962,0.099999999881,0.099999999927,0.099999999954,0.100000000031,0.100000000210,0.099999999887,0.100000000140
55,0.100000000098,0.099999999910,0.099999999963,0.099999999884,0.099999999928,0.099999999955,0.100000000030,0.100000000205,0.099999999890,0.100000000136
56,0.100000000153,0.099999999859,0.099999999943,0.099999999820,0.099999999888,0.099999999930,0.100000000047,0.100000000319,0.099999999828,0.100000000212
57,0.099999999828,0.100000000159,0.100000000065,0.100000000203,0.100000000126,0.100000000079,0.099999999947,0.099999999641,0.100000000194,0.099999999760
58,0.099999999987,0.100000000012,0.100000000005,0.100000000015,0.100000000010,0.100000000006,0.099999999996,0.099999999973,0.100000000014,0.099999999982
59,0.099999999953,0.100000000044,0.100000000018,0.100000000055,0.100000000035,0.100000000021,0.099999999986,0.099999999902,0.100000000053,0.099999999935
60,0.099999999886,0.100000000105,0.100000000043,0.100000000134,0.100000000083,0.100000000052,0.099999999964,0.099999999762,0.100000000128,0.099999999841
61,0.100000000138,0.099999999873,0.099999999948,0.099999999838,0.099999999899,0.099999999937,0.100000000043,0.100000000287,0.099999999845,0.100000000191
62,0.100000000167,0.099999999846,0.099999999937,0.099999999804,0.099999999878,0.099999999924,0.100000000052,0.100000000348,0.099999999813,0.100000000232
63,0.099999999838,0.100000000150,0.100000000061,0.100000000191,0.100000000118,0.100000000074,0.099999999950,0.099999999661,0.100000000183,0.099999999774
64,0.099999999954,0.100000000042,0.100000000017,0.100000000054,0.100000000033,0.100000000021,0.099999999986,0.099999999905,0.100000000051,0.099999999937
65,0.099999999957,0.100000000040,0.100000000016,0.100000000051,0.100000000032,0.100000000020,0.099999999987,0.099999999909,0.100000000048,0.099999999940
66,0.099999999802,0.100000000182,0.100000000075,0.100000000234,0.100000000144,0.100000000091,0.099999999938,0.099999999587,0.100000000223,0.099999999724
67,0.099999999903,0.100000000089,0.100000000036,0.100000000114,0.100000000070,0.100000000044,0.099999999970,0.099999999799,0.100000000109,0.099999999866
68,0.099999999843,0.100000000145,0.100000000059,0.100000000185,0.100000000114,0.100000000072,0.099999999951,0.099999999673,0.100000000177,0.099999999782
69,0.099999999908,0.100000000085,0.100000000035,0.100000000108,0.100000000067,0.100000000042,0.099999999972,0.099999999808,0.100000000103,0.099999999872
70,0.099999999997,0.100000000003,0.100000000001,0.100000000004,0.100000000003,0.100000000001,0.099999999999,0.099999999992,0.100000000003,0.099999999995
71,0.100000000101,0.099999999906,0.099999999962,0.099999999881,0.099999999926,0.099999999954,0.100000000031,0.100000000212,0.099999999886,0.100000000141
72,0.099999999894,0.100000000098,0.100000000040,0.100000000125,0.100000000078,0.100000000049,0.099999999967,0.099999999778,0.100000000119,0.099999999852
73,0.100000000185,0.099999999829,0.099999999930,0.099999999782,0.099999999865,0.099999999915,0.100000000057,0.100000000386,0.099999999792,0.100000000257
74,0.100000000112,0.099999999897,0.099999999958,0.099999999868,0.099999999918,0.099999999949,0.100000000035,0.100000000234,0.099999999874,0.100000000156
75,0.100000000136,0.099999999874,0.099999999949,0.099999999839,0.099999999901,0.099999999938,0.100000000042,0.100000000284,0.099999999847,0.100000000189
76,0.100000000167,0.099999999846,0.099999999937,0.099999999803,0.099999999878,0.099999999924,0.100000000052,0.100000000348,0.099999999812,0.100000000232
77,0.100000000106,0.099999999902,0.099999999960,0.099999999875,0.099999999923,0.099999999951,0.100000000033,0.100000000221,0.099999999880,0.100000000148
78,0.100000000159,0.099999999853,0.099999999940,0.099999999813,0.099999999884,0.099999999927,0.100000000049,0.100000000332,0.099999999821,0.100000000221
79,0.100000000133,0.099999999877,0.099999999950,0.099999999843,0.099999999903,0.099999999939,0.100000000041,0.100000000278,0.099999999850,0.100000000185
80,0.099999999881,0.100000000110,0.100000000045,0.100000000140,0.100000000087,0.100000000054,0.099999999963,0.099999999752,0.100000000134,0.099999999834
81,0.100000000099,0.099999999909,0.099999999963,0.099999999883,0.099999999928,0.099999999955,0.100000000031,0.100000000207,0.099999999889,0.100000000138
82,0.100000000220,0.099999999798,0.099999999917,0.099999999741,0.099999999840,0.099999999900,0.100000000068,0.100000000458,0.099999999753,0.100000000306
83,0.100000000202,0.099999999814,0.099999999924,0.099999999763,0.099999999853,0.099999999908,0.100000000062,0.100000000421,0.099999999773,0.100000000280
84,0.099999999888,0.100000000103,0.100000000042,0.100000000132,0.100000000081,0.100000000051,0.099999999965,0.099999999767,0.100000000126,0.099999999845
85,0.100000000135,0.099999999875,0.099999999949,0.099999999841,0.099999999901,0.099999999938,0.100000000042,0.100000000282,0.099999999848,0.100000000188
86,0.100000000190,0.099999999824,0.099999999928,0.099999999776,0.099999999861,0.099999999913,0.100000000059,0.100000000397,0.099999999786,0.100000000265
87,0.100000000150,0.099999999861,0.099999999943,0.099999999823,0.099999999890,0.099999999931,0.100000000047,0.100000000314,0.099999999831,0.100000000209
88,0.100000000174,0.099999999840,0.099999999935,0.099999999795,0.099999999873,0.099999999920,0.100000000054,0.100000000363,0.099999999804,0.100000000242
89,0.100000000110,0.099999999898,0.099999999959,0.099999999870,0.099999999919,0.099999999950,0.100000000034,0.100000000230,0.099999999876,0.100000000153
90,0.100000000123,0.099999999887,0.099999999954,0.099999999855,0.099999999910,0.099999999944,0.100000000038,0.100000000257,0.099999999861,0.100000000171
91,0.100000000175,0.099999999838,0.099999999934,0.099999999793,0.099999999872,0.099999999920,0.100000000054,0.100000000366,0.099999999803,0.100000000244
92,0.100000000184,0.099999999830,0.099999999931,0.099999999783,0.099999999865,0.099999999916,0.100000000057,0.100000000384,0.099999999793,0.100000000256
93,0.100000000100,0.099999999908,0.099999999963,0.099999999883,0.099999999927,0.099999999955,0.100000000031,0.100000000208,0.099999999888,0.100000000138
94,0.100000000137,0.099999999874,0.099999999948,0.099999999838,0.099999999900,0.099999999937,0.100000000043,0.100000000286,0.099999999846,0.100000000191
95,0.100000000163,0.099999999850,0.099999999939,0.099999999808,0.099999999881,0.099999999925,0.100000000051,0.100000000340,0.099999999816,0.100000000227
96,0.100000000211,0.099999999806,0.099999999921,0.099999999752,0.099999999846,0.099999999904,0.100000000065,0.100000000440,0.099999999763,0.100000000293
97,0.100000000140,0.099999999871,0.099999999947,0.099999999835,0.099999999898,0.099999999936,0.100000000043,0.100000000291,0.099999999843,0.100000000194
98,0.100000000188,0.099999999827,0.099999999929,0.099999999779,0.099999999863,0.099999999914,0.100000000058,0.100000000391,0.099999999789,0.100000000261
99,0.100000000224,0.099999999794,0.099999999916,0.099999999737,0.099999999837,0.099999999898,0.100000000069,0.100000000466,0.099999999749,0.100000000311
100,0.100000000197,0.099999999819,0.099999999926,0.099999999769,0.099999999856,0.099999999910,0.100000000061,0.100000000410,0.099999999779,0.100000000273
101,0.100000000094,0.099999999913,0.099999999964,0.099999999889,0.099999999931,0.099999999957,0.100000000029,0.100000000197,0.099999999894,0.100000000131
102,0.100000000106,0.099999999902,0.099999999960,0.099999999875,0.099999999923,0.099999999952,0.100000000033,0.100000000221,0.099999999881,0.100000000147
103,0.100000000225,0.099999999792,0.099999999915,0.099999999735,0.099999999835,0.099999999897,0.100000000069,0.100000000470,0.099999999747,0.100000000313
104,0.100000000123,0.099999999887,0.099999999954,0.099999999855,0.099999999910,0.099999999944,0.100000000038,0.100000000256,0.099999999862,0.100000000171
105,0.100000000095,0.099999999913,0.099999999964,0.099999999889,0.099999999931,0.099999999957,0.100000000029,0.100000000197,0.099999999894,0.100000000131
106,0.100000000130,0.099999999880,0.099999999951,0.099999999846,0.099999999905,0.099999999940,0.100000000040,0.100000000272,0.099999999853,0.100000000181
107,0.100000000144,0.099999999868,0.099999999946,0.099999999831,0.099999999895,0.099999999934,0.100000000045,0.100000000300,0.099999999838,0.100000000200
108,0.100000000091,0.099999999916,0.099999999966,0.099999999892,0.099999999934,0.099999999958,0.100000000029,0.100000000190,0.099999999897,0.100000000127
109,0.100000000148,0.099999999864,0.099999999944,0.099999999826,0.099999999892,0.099999999932,0.100000000046,0.100000000308,0.099999999834,0.100000000206
110,0.100000000145,0.099999999866,0.099999999945,0.099999999829,0.099999999894,0.099999999934,0.100000000045,0.100000000302,0.099999999837,0.100000000202
111,0.100000000057,0.099999999947,0.099999999978,0.099999999933,0.099999999958,0.099999999974,0.100000000018,0.100000000120,0.099999999936,0.100000000080
112,0.100000000162,0.099999999850,0.099999999939,0.099999999809,0.099999999881,0.099999999926,0.100000000050,0.100000000339,0.099999999818,0.100000000226
113,0.100000000177,0.099999999837,0.099999999934,0.099999999792,0.099999999871,0.099999999919,0.100000000055,0.100000000369,0.099999999801,0.100000000246
114,0.099999999781,0.100000000202,0.100000000082,0.100000000258,0.100000000160,0.100000000100,0.099999999932,0.099999999544,0.100000000246,0.099999999696
115,0.099999999890,0.100000000101,0.100000000041,0.100000000130,0.100000000080,0.100000000050,0.099999999966,0.099999999770,0.100000000124,0.099999999847
116,0.099999999796,0.100000000188,0.100000000077,0.100000000241,0.100000000149,0.100000000093,0.099999999936,0.099999999574,0.100000000230,0.099999999716
117,0.099999999758,0.100000000223,0.100000000091,0.100000000286,0.100000000177,0.100000000111,0.099999999925,0.099999999495,0.100000000272,0.099999999663
118,0.099999999901,0.100000000091,0.100000000037,0.100000000116,0.100000000072,0.100000000045,0.099999999970,0.099999999795,0.100000000111,0.099999999863
119,0.099999999814,0.100000000171,0.100000000070,0.100000000219,0.100000000136,0.100000000085,0.099999999942,0.099999999613,0.100000000209,0.099999999742
